{
  "business_cost": 31081.0,
  "f1": 0.3068601182953339,
  "precision": 0.20484611231101513,
  "recall": 0.6112789526686808,
  "roc_auc": 0.7784641843785554,
  "accuracy": 0.7770677853112856
}