{
  "n_estimators": 174,
  "max_depth": 6,
  "learning_rate": 0.19915279473979544,
  "subsample": 0.8369993090060779,
  "colsample_bytree": 0.693378857415877,
  "gamma": 1.975337768549553,
  "reg_lambda": 9.489454310777854,
  "reg_alpha": 7.224571000456954
}