{
  "business_cost": 30672.0,
  "f1": 0.2899461019394814,
  "precision": 0.18367566404989785,
  "recall": 0.6880161127895267,
  "roc_auc": 0.7808104073664044,
  "accuracy": 0.7279644895370958
}